dataset,model_type,activation,bn,aug,seed,test_acc,train_time_minutes,num_params,invariance_error
colorectal_hist,equivariant,fourier_relu_16,Normbn,False,0,0.933333,56.2,371384,0.1070857718586921
colorectal_hist,equivariant,fourier_relu_16,Normbn,False,1,0.941333,47.0,371384,0.1076460778713226
colorectal_hist,equivariant,fourier_relu_16,Normbn,False,2,0.933333,51.07,371384,0.1026656478643417
colorectal_hist,equivariant,fourier_relu_16,Normbn,False,3,0.941333,47.12,371384,0.1047192215919494
colorectal_hist,equivariant,fourier_relu_16,Normbn,False,4,0.930667,52.23,371384,0.0986810773611068
colorectal_hist,equivariant,fourier_relu_16,Normbn,True,0,0.946667,47.22,371384,0.0950362533330917
colorectal_hist,equivariant,fourier_relu_16,Normbn,True,1,0.944,54.47,371384,0.0943859815597534
colorectal_hist,equivariant,fourier_relu_16,Normbn,True,2,0.933333,46.67,371384,0.0914245992898941
colorectal_hist,equivariant,fourier_relu_16,Normbn,True,3,0.936,52.97,371384,0.094565562903881
colorectal_hist,equivariant,fourier_relu_16,Normbn,True,4,0.938667,46.55,371384,0.0941878855228424
colorectal_hist,equivariant,fourierbn_relu_16,Normbn,False,0,0.936,42.93,370544,0.0976570546627044
colorectal_hist,equivariant,fourierbn_relu_16,Normbn,False,1,0.944,37.58,370544,0.1007176488637924
colorectal_hist,equivariant,fourierbn_relu_16,Normbn,False,2,0.933333,43.28,370544,0.0935585126280784
colorectal_hist,equivariant,fourierbn_relu_16,Normbn,False,3,0.933333,36.93,370544,0.0981304794549942
colorectal_hist,equivariant,fourierbn_relu_16,Normbn,False,4,0.930667,46.03,370544,0.0938769206404686
colorectal_hist,equivariant,fourierbn_relu_16,Normbn,True,0,0.941333,36.65,370544,0.0815584510564804
colorectal_hist,equivariant,fourierbn_relu_16,Normbn,True,1,0.946667,42.35,370544,0.0790269523859024
colorectal_hist,equivariant,fourierbn_relu_16,Normbn,True,2,0.941333,37.22,370544,0.0747088491916656
colorectal_hist,equivariant,fourierbn_relu_16,Normbn,True,3,0.957333,43.18,370544,0.0758837610483169
colorectal_hist,equivariant,fourierbn_relu_16,Normbn,True,4,0.949333,37.35,370544,0.0731310546398162
colorectal_hist,equivariant,fourierbn_relu_32,Normbn,False,0,0.936,69.35,370544,0.0972247496247291
colorectal_hist,equivariant,fourierbn_relu_32,Normbn,False,1,0.936,48.13,370544,0.0999226868152618
colorectal_hist,equivariant,fourierbn_relu_32,Normbn,False,2,0.922667,48.17,370544,0.0961098968982696
colorectal_hist,equivariant,fourierbn_relu_32,Normbn,False,3,0.925333,68.68,370544,0.0957085713744163
colorectal_hist,equivariant,fourierbn_relu_32,Normbn,False,4,0.936,48.2,370544,0.0924282073974609
colorectal_hist,equivariant,fourierbn_relu_32,Normbn,True,0,0.946667,48.18,370544,0.0802805572748184
colorectal_hist,equivariant,fourierbn_relu_32,Normbn,True,1,0.949333,69.82,370544,0.0792009457945823
colorectal_hist,equivariant,fourierbn_relu_32,Normbn,True,2,0.944,48.25,370544,0.076371856033802
colorectal_hist,equivariant,fourierbn_relu_32,Normbn,True,3,0.962667,68.12,370544,0.0754692032933235
colorectal_hist,equivariant,fourierbn_relu_32,Normbn,True,4,0.936,48.13,370544,0.0786029621958732
colorectal_hist,equivariant,gated_shared_sigmoid,Normbn,False,0,0.912,43.58,371640,0.1217447221279144
colorectal_hist,equivariant,gated_shared_sigmoid,Normbn,False,1,0.92,39.7,371640,0.1279819309711456
colorectal_hist,equivariant,gated_shared_sigmoid,Normbn,False,2,0.928,44.05,371640,0.1210928335785865
colorectal_hist,equivariant,gated_shared_sigmoid,Normbn,False,3,0.936,39.35,371640,0.1233813762664794
colorectal_hist,equivariant,gated_shared_sigmoid,Normbn,False,4,0.92,39.92,371640,0.1223627179861068
colorectal_hist,equivariant,gated_shared_sigmoid,Normbn,True,0,0.944,39.95,371640,0.0949011743068695
colorectal_hist,equivariant,gated_shared_sigmoid,Normbn,True,1,0.936,45.03,371640,0.1030117943882942
colorectal_hist,equivariant,gated_shared_sigmoid,Normbn,True,2,0.952,40.05,371640,0.0989820435643196
colorectal_hist,equivariant,gated_shared_sigmoid,Normbn,True,3,0.946667,45.75,371640,0.0991737022995948
colorectal_hist,equivariant,gated_shared_sigmoid,Normbn,True,4,0.944,39.83,371640,0.0981252193450927
colorectal_hist,equivariant,gated_sigmoid,Normbn,False,0,0.936,49.07,383654,0.1475664526224136
colorectal_hist,equivariant,gated_sigmoid,Normbn,False,1,0.92,44.55,383654,0.1432804465293884
colorectal_hist,equivariant,gated_sigmoid,Normbn,False,2,0.930667,47.2,383654,0.1452420353889465
colorectal_hist,equivariant,gated_sigmoid,Normbn,False,3,0.917333,44.17,383654,0.1402013003826141
colorectal_hist,equivariant,gated_sigmoid,Normbn,False,4,0.914667,49.7,383654,0.1431426405906677
colorectal_hist,equivariant,gated_sigmoid,Normbn,True,0,0.952,44.78,383654,0.1164838075637817
colorectal_hist,equivariant,gated_sigmoid,Normbn,True,1,0.944,48.95,383654,0.1133882999420166
colorectal_hist,equivariant,gated_sigmoid,Normbn,True,2,0.944,44.87,383654,0.1115078404545784
colorectal_hist,equivariant,gated_sigmoid,Normbn,True,3,0.949333,48.05,383654,0.1128545105457305
colorectal_hist,equivariant,gated_sigmoid,Normbn,True,4,0.933333,44.82,383654,0.1161515191197395
colorectal_hist,equivariant,norm_relu,Normbn,False,0,0.906667,49.52,372224,0.1896707713603973
colorectal_hist,equivariant,norm_relu,Normbn,False,1,0.888,46.3,372224,0.190980777144432
colorectal_hist,equivariant,norm_relu,Normbn,False,2,0.898667,48.8,372224,0.1905401796102523
colorectal_hist,equivariant,norm_relu,Normbn,False,3,0.904,45.8,372224,0.1861333549022674
colorectal_hist,equivariant,norm_relu,Normbn,False,4,0.917333,50.78,372224,0.1791504174470901
colorectal_hist,equivariant,norm_relu,Normbn,True,0,0.933333,45.95,372224,0.1848073303699493
colorectal_hist,equivariant,norm_relu,Normbn,True,1,0.909333,48.72,372224,0.206481397151947
colorectal_hist,equivariant,norm_relu,Normbn,True,2,0.922667,46.05,372224,0.2122912555932998
colorectal_hist,equivariant,norm_relu,Normbn,True,3,0.914667,49.07,372224,0.1826460063457489
colorectal_hist,equivariant,norm_relu,Normbn,True,4,0.92,46.63,372224,0.1873723268508911
colorectal_hist,equivariant,normbn_relu,Normbn,False,0,0.893333,39.15,372224,0.2186378836631775
colorectal_hist,equivariant,normbn_relu,Normbn,False,1,0.861333,36.0,372224,0.20457124710083
colorectal_hist,equivariant,normbn_relu,Normbn,False,2,0.864,38.98,372224,0.1998390555381775
colorectal_hist,equivariant,normbn_relu,Normbn,False,3,0.88,36.12,372224,0.195834070444107
colorectal_hist,equivariant,normbn_relu,Normbn,False,4,0.882667,38.82,372224,0.179474651813507
colorectal_hist,equivariant,normbn_relu,Normbn,True,0,0.909333,36.47,372224,0.1633007079362869
colorectal_hist,equivariant,normbn_relu,Normbn,True,1,0.92,40.6,372224,0.1742028146982193
colorectal_hist,equivariant,normbn_relu,Normbn,True,2,0.925333,36.68,372224,0.1711803674697876
colorectal_hist,equivariant,normbn_relu,Normbn,True,3,0.914667,38.78,372224,0.1603570729494094
colorectal_hist,equivariant,normbn_relu,Normbn,True,4,0.912,36.17,372224,0.1700766086578369
colorectal_hist,equivariant,normbnvec_relu,Normbn,False,0,0.914667,39.15,372224,0.1784951239824295
colorectal_hist,equivariant,normbnvec_relu,Normbn,False,1,0.904,36.38,372224,0.1848294138908386
colorectal_hist,equivariant,normbnvec_relu,Normbn,False,2,0.877333,36.53,372224,0.1787280440330505
colorectal_hist,equivariant,normbnvec_relu,Normbn,False,3,0.893333,39.13,372224,0.1878101527690887
colorectal_hist,equivariant,normbnvec_relu,Normbn,False,4,0.874667,37.95,372224,0.1736506670713424
colorectal_hist,equivariant,normbnvec_relu,Normbn,True,0,0.92,36.58,372224,0.1575327664613723
colorectal_hist,equivariant,normbnvec_relu,Normbn,True,1,0.928,38.98,372224,0.1540613770484924
colorectal_hist,equivariant,normbnvec_relu,Normbn,True,2,0.925333,36.33,372224,0.1535760015249252
colorectal_hist,equivariant,normbnvec_relu,Normbn,True,3,0.904,39.07,372224,0.1540995240211486
colorectal_hist,equivariant,normbnvec_relu,Normbn,True,4,0.938667,36.25,372224,0.1385077089071273
colorectal_hist,resnet18,norm_relu,Normbn,False,0,0.885333,5.32,11180616,0.502745509147644
colorectal_hist,resnet18,norm_relu,Normbn,False,1,0.898667,5.05,11180616,0.4704345166683197
colorectal_hist,resnet18,norm_relu,Normbn,False,2,0.88,4.18,11180616,0.4674649834632873
colorectal_hist,resnet18,norm_relu,Normbn,False,3,0.890667,4.13,11180616,0.3678205907344818
colorectal_hist,resnet18,norm_relu,Normbn,False,4,0.826667,4.12,11180616,0.245990514755249
colorectal_hist,resnet18,norm_relu,Normbn,True,0,0.962667,4.82,11180616,0.3127683401107788
colorectal_hist,resnet18,norm_relu,Normbn,True,1,0.968,6.73,11180616,0.2781972289085388
colorectal_hist,resnet18,norm_relu,Normbn,True,2,0.968,4.52,11180616,0.2844341695308685
colorectal_hist,resnet18,norm_relu,Normbn,True,3,0.970667,4.53,11180616,0.2669552564620971
colorectal_hist,resnet18,norm_relu,Normbn,True,4,0.970667,4.52,11180616,0.2731673419475555
eurosat,equivariant,fourier_relu_16,Normbn,False,0,0.96,98.98,1243162,0.0839249417185783
eurosat,equivariant,fourier_relu_16,Normbn,False,1,0.972963,89.53,1243162,0.0847968682646751
eurosat,equivariant,fourier_relu_16,Normbn,False,2,0.963889,104.48,1243162,0.0797812938690185
eurosat,equivariant,fourier_relu_16,Normbn,False,3,0.959259,89.87,1243162,0.0846291184425354
eurosat,equivariant,fourier_relu_16,Normbn,False,4,0.972593,102.43,1243162,0.0837055966258049
eurosat,equivariant,fourier_relu_16,Normbn,True,0,0.973148,97.15,1243162,0.0744378045201301
eurosat,equivariant,fourier_relu_16,Normbn,True,1,0.971482,88.0,1243162,0.0725927874445915
eurosat,equivariant,fourier_relu_16,Normbn,True,2,0.972963,87.12,1243162,0.0722082555294036
eurosat,equivariant,fourier_relu_16,Normbn,True,3,0.966111,101.75,1243162,0.0779873430728912
eurosat,equivariant,fourier_relu_16,Normbn,True,4,0.976111,87.98,1243162,0.0728114992380142
eurosat,equivariant,fourierbn_relu_16,Normbn,False,0,0.961667,79.38,1242157,0.07151610404253
eurosat,equivariant,fourierbn_relu_16,Normbn,False,1,0.964074,79.42,1242157,0.0712164342403411
eurosat,equivariant,fourierbn_relu_16,Normbn,False,2,0.958704,87.02,1242157,0.0704856812953949
eurosat,equivariant,fourierbn_relu_16,Normbn,False,3,0.97537,80.77,1242157,0.0758150517940521
eurosat,equivariant,fourierbn_relu_16,Normbn,False,4,0.972778,92.95,1242157,0.0734122917056083
eurosat,equivariant,fourierbn_relu_16,Normbn,True,0,0.973148,87.28,1242157,0.0629853382706642
eurosat,equivariant,fourierbn_relu_16,Normbn,True,1,0.96963,80.83,1242157,0.0643576085567474
eurosat,equivariant,fourierbn_relu_16,Normbn,True,2,0.976852,89.38,1242157,0.0635883659124374
eurosat,equivariant,fourierbn_relu_16,Normbn,True,3,0.973333,81.07,1242157,0.0670817270874977
eurosat,equivariant,fourierbn_relu_16,Normbn,True,4,0.975185,91.13,1242157,0.0633516684174537
eurosat,equivariant,fourierbn_relu_32,Normbn,False,0,0.972963,79.15,1242157,0.0741978883743286
eurosat,equivariant,fourierbn_relu_32,Normbn,False,1,0.962037,123.4,1242157,0.0714668482542038
eurosat,equivariant,fourierbn_relu_32,Normbn,False,2,0.960556,79.13,1242157,0.0712769404053688
eurosat,equivariant,fourierbn_relu_32,Normbn,False,3,0.963333,124.1,1242157,0.0752069503068924
eurosat,equivariant,fourierbn_relu_32,Normbn,False,4,0.96037,79.18,1242157,0.0730347335338592
eurosat,equivariant,fourierbn_relu_32,Normbn,True,0,0.972593,79.1,1242157,0.0614327639341354
eurosat,equivariant,fourierbn_relu_32,Normbn,True,1,0.97537,125.02,1242157,0.0617664009332656
eurosat,equivariant,fourierbn_relu_32,Normbn,True,2,0.972963,79.13,1242157,0.0646364763379097
eurosat,equivariant,fourierbn_relu_32,Normbn,True,3,0.974074,122.82,1242157,0.0651256144046783
eurosat,equivariant,fourierbn_relu_32,Normbn,True,4,0.977222,79.18,1242157,0.0654823780059814
eurosat,equivariant,gated_shared_sigmoid,Normbn,False,0,0.95463,78.48,1260666,0.0987314283847808
eurosat,equivariant,gated_shared_sigmoid,Normbn,False,1,0.953704,69.85,1260666,0.0972071141004562
eurosat,equivariant,gated_shared_sigmoid,Normbn,False,2,0.951111,68.6,1260666,0.097397394478321
eurosat,equivariant,gated_shared_sigmoid,Normbn,False,3,0.960556,76.98,1260666,0.0976815223693847
eurosat,equivariant,gated_shared_sigmoid,Normbn,False,4,0.952963,70.05,1260666,0.0971092209219932
eurosat,equivariant,gated_shared_sigmoid,Normbn,True,0,0.968518,71.3,1260666,0.0892987549304962
eurosat,equivariant,gated_shared_sigmoid,Normbn,True,1,0.967407,77.33,1260666,0.0912908166646957
eurosat,equivariant,gated_shared_sigmoid,Normbn,True,2,0.963519,69.65,1260666,0.0899970754981041
eurosat,equivariant,gated_shared_sigmoid,Normbn,True,3,0.963889,78.23,1260666,0.0826213881373405
eurosat,equivariant,gated_shared_sigmoid,Normbn,True,4,0.96,70.82,1260666,0.0891115665435791
eurosat,equivariant,gated_sigmoid,Normbn,False,0,0.957778,89.8,1292682,0.1127983182668685
eurosat,equivariant,gated_sigmoid,Normbn,False,1,0.955185,77.52,1292682,0.116078220307827
eurosat,equivariant,gated_sigmoid,Normbn,False,2,0.962963,89.58,1292682,0.1206589788198471
eurosat,equivariant,gated_sigmoid,Normbn,False,3,0.958519,78.1,1292682,0.117987647652626
eurosat,equivariant,gated_sigmoid,Normbn,False,4,0.958333,86.48,1292682,0.1212473213672638
eurosat,equivariant,gated_sigmoid,Normbn,True,0,0.972222,78.12,1292682,0.102519616484642
eurosat,equivariant,gated_sigmoid,Normbn,True,1,0.966852,87.42,1292682,0.1010192781686782
eurosat,equivariant,gated_sigmoid,Normbn,True,2,0.964074,77.83,1292682,0.103327140212059
eurosat,equivariant,gated_sigmoid,Normbn,True,3,0.961667,87.08,1292682,0.1056867986917495
eurosat,equivariant,gated_sigmoid,Normbn,True,4,0.962778,77.58,1292682,0.107055626809597
eurosat,equivariant,norm_relu,Normbn,False,0,0.942593,81.85,1244167,0.1371329128742218
eurosat,equivariant,norm_relu,Normbn,False,1,0.94537,94.17,1244167,0.1338294148445129
eurosat,equivariant,norm_relu,Normbn,False,2,0.954259,81.93,1244167,0.1332542896270752
eurosat,equivariant,norm_relu,Normbn,False,3,0.952593,94.42,1244167,0.1355885565280914
eurosat,equivariant,norm_relu,Normbn,False,4,0.947222,82.05,1244167,0.1291648000478744
eurosat,equivariant,norm_relu,Normbn,True,0,0.943519,91.63,1244167,0.128663033246994
eurosat,equivariant,norm_relu,Normbn,True,1,0.95963,81.43,1244167,0.1192421913146972
eurosat,equivariant,norm_relu,Normbn,True,2,0.960556,90.98,1244167,0.1205188408493995
eurosat,equivariant,norm_relu,Normbn,True,3,0.954259,81.83,1244167,0.1198533102869987
eurosat,equivariant,norm_relu,Normbn,True,4,0.957963,95.3,1244167,0.1195417791604995
eurosat,equivariant,normbn_relu,Normbn,False,0,0.949074,76.55,1244167,0.1603370457887649
eurosat,equivariant,normbn_relu,Normbn,False,1,0.942407,84.1,1244167,0.1701808273792266
eurosat,equivariant,normbn_relu,Normbn,False,2,0.947407,76.48,1244167,0.1686890125274658
eurosat,equivariant,normbn_relu,Normbn,False,3,0.958704,84.08,1244167,0.1753498166799545
eurosat,equivariant,normbn_relu,Normbn,False,4,0.946481,76.1,1244167,0.1587384790182113
eurosat,equivariant,normbn_relu,Normbn,True,0,0.963889,75.47,1244167,0.1435530036687851
eurosat,equivariant,normbn_relu,Normbn,True,1,0.960741,85.9,1244167,0.1444155126810073
eurosat,equivariant,normbn_relu,Normbn,True,2,0.962037,75.75,1244167,0.1476168483495712
eurosat,equivariant,normbn_relu,Normbn,True,3,0.965926,88.55,1244167,0.1449777334928512
eurosat,equivariant,normbn_relu,Normbn,True,4,0.961852,75.12,1244167,0.1453520953655243
eurosat,equivariant,normbnvec_relu,Normbn,False,0,0.952222,73.52,1244167,0.1516211628913879
eurosat,equivariant,normbnvec_relu,Normbn,False,1,0.954444,80.85,1244167,0.1466028392314911
eurosat,equivariant,normbnvec_relu,Normbn,False,2,0.95037,74.53,1244167,0.1547347456216812
eurosat,equivariant,normbnvec_relu,Normbn,False,3,0.958889,81.23,1244167,0.1568586081266403
eurosat,equivariant,normbnvec_relu,Normbn,False,4,0.94963,73.28,1244167,0.1449429094791412
eurosat,equivariant,normbnvec_relu,Normbn,True,0,0.961481,80.45,1244167,0.1394585520029068
eurosat,equivariant,normbnvec_relu,Normbn,True,1,0.96537,73.85,1244167,0.1378550678491592
eurosat,equivariant,normbnvec_relu,Normbn,True,2,0.952963,79.68,1244167,0.1415251046419143
eurosat,equivariant,normbnvec_relu,Normbn,True,3,0.956852,73.0,1244167,0.1404899954795837
eurosat,equivariant,normbnvec_relu,Normbn,True,4,0.952222,79.38,1244167,0.1379308402538299
eurosat,resnet18,norm_relu,Normbn,False,0,0.899444,8.42,11181642,0.3612670302391052
eurosat,resnet18,norm_relu,Normbn,False,1,0.908704,5.68,11181642,0.3376286029815674
eurosat,resnet18,norm_relu,Normbn,False,2,0.910185,5.8,11181642,0.3557246923446655
eurosat,resnet18,norm_relu,Normbn,False,3,0.906852,6.12,11181642,0.347584068775177
eurosat,resnet18,norm_relu,Normbn,False,4,0.90037,8.97,11181642,0.3524350523948669
eurosat,resnet18,norm_relu,Normbn,True,0,0.963704,6.13,11181642,0.1815746277570724
eurosat,resnet18,norm_relu,Normbn,True,1,0.965,6.28,11181642,0.1896225810050964
eurosat,resnet18,norm_relu,Normbn,True,2,0.969444,6.98,11181642,0.1546323001384735
eurosat,resnet18,norm_relu,Normbn,True,3,0.970185,7.37,11181642,0.1539719700813293
eurosat,resnet18,norm_relu,Normbn,True,4,0.969074,6.22,11181642,0.1618757992982864
mnist_rot,equivariant,fourier_elu_16,Normbn,False,0,0.98632,5.43,1173016,0.0982799679040908
mnist_rot,equivariant,fourier_elu_16,Normbn,False,1,0.98612,5.92,1173016,0.0958054885268211
mnist_rot,equivariant,fourier_elu_16,Normbn,False,2,0.98578,5.43,1173016,0.096832774579525
mnist_rot,equivariant,fourier_elu_16,Normbn,False,3,0.9858,5.8,1173016,0.0897713601589202
mnist_rot,equivariant,fourier_elu_16,Normbn,False,4,0.9852,5.42,1173016,0.0997993052005767
mnist_rot,equivariant,fourier_elu_16,Normbn,True,0,0.98862,5.83,1173016,0.0907120704650878
mnist_rot,equivariant,fourier_elu_16,Normbn,True,1,0.98868,5.42,1173016,0.0904030948877334
mnist_rot,equivariant,fourier_elu_16,Normbn,True,2,0.98884,5.82,1173016,0.0877406895160675
mnist_rot,equivariant,fourier_elu_16,Normbn,True,3,0.98978,5.43,1173016,0.0898353159427642
mnist_rot,equivariant,fourier_elu_16,Normbn,True,4,0.98854,5.82,1173016,0.0898935720324516
mnist_rot,equivariant,fourier_relu_16,Normbn,False,0,0.989,5.32,1173016,0.1059352830052375
mnist_rot,equivariant,fourier_relu_16,Normbn,False,1,0.9897,5.82,1173016,0.1082620918750763
mnist_rot,equivariant,fourier_relu_16,Normbn,False,2,0.98878,5.32,1173016,0.1020016372203826
mnist_rot,equivariant,fourier_relu_16,Normbn,False,3,0.98898,5.77,1173016,0.101307064294815
mnist_rot,equivariant,fourier_relu_16,Normbn,False,4,0.98742,5.33,1173016,0.097899243235588
mnist_rot,equivariant,fourier_relu_16,Normbn,True,0,0.99012,5.3,1173016,0.0995880812406539
mnist_rot,equivariant,fourier_relu_16,Normbn,True,1,0.9905,5.8,1173016,0.1014899760484695
mnist_rot,equivariant,fourier_relu_16,Normbn,True,2,0.98954,5.65,1173016,0.0991642549633979
mnist_rot,equivariant,fourier_relu_16,Normbn,True,3,0.99006,5.37,1173016,0.1004668921232223
mnist_rot,equivariant,fourier_relu_16,Normbn,True,4,0.9904,5.67,1173016,0.101663202047348
mnist_rot,equivariant,fourierbn_elu_16,Normbn,False,0,0.98846,5.4,1172041,0.1032265573740005
mnist_rot,equivariant,fourierbn_elu_16,Normbn,False,1,0.98798,4.97,1172041,0.0981568470597267
mnist_rot,equivariant,fourierbn_elu_16,Normbn,False,2,0.98768,5.42,1172041,0.0921195447444915
mnist_rot,equivariant,fourierbn_elu_16,Normbn,False,3,0.98714,4.98,1172041,0.0941982418298721
mnist_rot,equivariant,fourierbn_elu_16,Normbn,False,4,0.98742,5.5,1172041,0.095341682434082
mnist_rot,equivariant,fourierbn_elu_16,Normbn,True,0,0.9895,4.95,1172041,0.1016632840037345
mnist_rot,equivariant,fourierbn_elu_16,Normbn,True,1,0.98944,5.27,1172041,0.0938920155167579
mnist_rot,equivariant,fourierbn_elu_16,Normbn,True,2,0.98984,5.03,1172041,0.099859319627285
mnist_rot,equivariant,fourierbn_elu_16,Normbn,True,3,0.98934,5.37,1172041,0.0958065763115882
mnist_rot,equivariant,fourierbn_elu_16,Normbn,True,4,0.98926,5.02,1172041,0.0937934592366218
mnist_rot,equivariant,fourierbn_relu_16,Normbn,False,0,0.99004,5.3,1172041,0.1024485528469085
mnist_rot,equivariant,fourierbn_relu_16,Normbn,False,1,0.9905,4.85,1172041,0.1135227158665657
mnist_rot,equivariant,fourierbn_relu_16,Normbn,False,2,0.99032,5.13,1172041,0.1164291277527809
mnist_rot,equivariant,fourierbn_relu_16,Normbn,False,3,0.98968,4.83,1172041,0.1103247627615928
mnist_rot,equivariant,fourierbn_relu_16,Normbn,False,4,0.99064,5.68,1172041,0.1080770343542099
mnist_rot,equivariant,fourierbn_relu_16,Normbn,True,0,0.99048,4.22,1172041,0.1114393323659896
mnist_rot,equivariant,fourierbn_relu_16,Normbn,True,1,0.99148,4.33,1172041,0.1241791248321533
mnist_rot,equivariant,fourierbn_relu_16,Normbn,True,2,0.99116,4.73,1172041,0.1146274656057357
mnist_rot,equivariant,fourierbn_relu_16,Normbn,True,3,0.9906,5.13,1172041,0.1082950606942176
mnist_rot,equivariant,fourierbn_relu_16,Normbn,True,4,0.99066,4.87,1172041,0.1153295338153839
mnist_rot,equivariant,fourierbn_relu_32,Normbn,False,0,0.98954,6.4,1172041,0.1091736331582069
mnist_rot,equivariant,fourierbn_relu_32,Normbn,False,1,0.99096,7.12,1172041,0.1191859543323516
mnist_rot,equivariant,fourierbn_relu_32,Normbn,False,2,0.99028,6.33,1172041,0.1113076880574226
mnist_rot,equivariant,fourierbn_relu_32,Normbn,False,3,0.99044,6.95,1172041,0.1080293878912925
mnist_rot,equivariant,fourierbn_relu_32,Normbn,False,4,0.99016,6.47,1172041,0.1127355396747589
mnist_rot,equivariant,fourierbn_relu_32,Normbn,True,0,0.99098,6.28,1172041,0.1210720017552375
mnist_rot,equivariant,fourierbn_relu_32,Normbn,True,1,0.9909,6.25,1172041,0.1205674260854721
mnist_rot,equivariant,fourierbn_relu_32,Normbn,True,2,0.99094,6.93,1172041,0.1195186525583267
mnist_rot,equivariant,fourierbn_relu_32,Normbn,True,3,0.9913,6.35,1172041,0.1148981004953384
mnist_rot,equivariant,fourierbn_relu_32,Normbn,True,4,0.9911,7.08,1172041,0.115311861038208
mnist_rot,equivariant,fourierbn_relu_64,Normbn,False,0,0.98974,10.55,1172041,0.1083409264683723
mnist_rot,equivariant,fourierbn_relu_64,Normbn,False,1,0.99054,9.38,1172041,0.1109215542674064
mnist_rot,equivariant,fourierbn_relu_64,Normbn,False,2,0.98968,11.52,1172041,0.1128234192728996
mnist_rot,equivariant,fourierbn_relu_64,Normbn,False,3,0.98978,9.23,1172041,0.1079644635319709
mnist_rot,equivariant,fourierbn_relu_64,Normbn,False,4,0.98992,11.12,1172041,0.1055673062801361
mnist_rot,equivariant,fourierbn_relu_64,Normbn,True,0,0.9913,9.63,1172041,0.11326864361763
mnist_rot,equivariant,fourierbn_relu_64,Normbn,True,1,0.99038,8.8,1172041,0.1201836019754409
mnist_rot,equivariant,fourierbn_relu_64,Normbn,True,2,0.99064,9.35,1172041,0.1106117293238639
mnist_rot,equivariant,fourierbn_relu_64,Normbn,True,3,0.9911,10.4,1172041,0.111996442079544
mnist_rot,equivariant,fourierbn_relu_64,Normbn,True,4,0.99076,9.18,1172041,0.1162468045949935
mnist_rot,equivariant,fourierbn_relu_8,Normbn,False,0,0.98966,7.08,1172041,0.1110275313258171
mnist_rot,equivariant,fourierbn_relu_8,Normbn,False,1,0.98958,8.03,1172041,0.1297294944524765
mnist_rot,equivariant,fourierbn_relu_8,Normbn,False,2,0.98998,7.35,1172041,0.1062311455607414
mnist_rot,equivariant,fourierbn_relu_8,Normbn,False,3,0.98892,7.47,1172041,0.1141473948955535
mnist_rot,equivariant,fourierbn_relu_8,Normbn,False,4,0.99012,7.8,1172041,0.1232264935970306
mnist_rot,equivariant,fourierbn_relu_8,Normbn,True,0,0.99016,7.07,1172041,0.1130464375019073
mnist_rot,equivariant,fourierbn_relu_8,Normbn,True,1,0.99068,7.4,1172041,0.1196712255477905
mnist_rot,equivariant,fourierbn_relu_8,Normbn,True,2,0.99092,7.57,1172041,0.1311600804328918
mnist_rot,equivariant,fourierbn_relu_8,Normbn,True,3,0.99068,6.97,1172041,0.1170625314116478
mnist_rot,equivariant,fourierbn_relu_8,Normbn,True,4,0.9905,7.82,1172041,0.1197740361094474
mnist_rot,equivariant,gated_shared_sigmoid,Normbn,False,0,0.98818,4.47,1186402,0.1268910765647888
mnist_rot,equivariant,gated_shared_sigmoid,Normbn,False,1,0.98824,4.23,1186402,0.1186594292521476
mnist_rot,equivariant,gated_shared_sigmoid,Normbn,False,2,0.98772,4.38,1186402,0.1250347048044204
mnist_rot,equivariant,gated_shared_sigmoid,Normbn,False,3,0.9859,4.23,1186402,0.1114609390497207
mnist_rot,equivariant,gated_shared_sigmoid,Normbn,False,4,0.98848,4.52,1186402,0.1321018487215042
mnist_rot,equivariant,gated_shared_sigmoid,Normbn,True,0,0.98926,4.27,1186402,0.1240383014082908
mnist_rot,equivariant,gated_shared_sigmoid,Normbn,True,1,0.98934,4.38,1186402,0.1184936091303825
mnist_rot,equivariant,gated_shared_sigmoid,Normbn,True,2,0.98868,4.23,1186402,0.1238459721207618
mnist_rot,equivariant,gated_shared_sigmoid,Normbn,True,3,0.98974,4.58,1186402,0.1262033283710479
mnist_rot,equivariant,gated_shared_sigmoid,Normbn,True,4,0.98964,4.23,1186402,0.1372427344322204
mnist_rot,equivariant,gated_sigmoid,Normbn,False,0,0.9889,5.17,1206662,0.1482142657041549
mnist_rot,equivariant,gated_sigmoid,Normbn,False,1,0.98768,5.0,1206662,0.1394397914409637
mnist_rot,equivariant,gated_sigmoid,Normbn,False,2,0.98824,5.17,1206662,0.138352021574974
mnist_rot,equivariant,gated_sigmoid,Normbn,False,3,0.98806,4.97,1206662,0.1390723437070846
mnist_rot,equivariant,gated_sigmoid,Normbn,False,4,0.98802,5.18,1206662,0.1374578177928924
mnist_rot,equivariant,gated_sigmoid,Normbn,True,0,0.98866,4.9,1206662,0.1409389376640319
mnist_rot,equivariant,gated_sigmoid,Normbn,True,1,0.9899,4.97,1206662,0.1421760618686676
mnist_rot,equivariant,gated_sigmoid,Normbn,True,2,0.989,4.98,1206662,0.1362631022930145
mnist_rot,equivariant,gated_sigmoid,Normbn,True,3,0.98966,5.13,1206662,0.1439413279294967
mnist_rot,equivariant,gated_sigmoid,Normbn,True,4,0.9892,4.97,1206662,0.1283982098102569
mnist_rot,equivariant,norm_elu,Normbn,False,0,0.97736,5.95,1173016,0.1297264695167541
mnist_rot,equivariant,norm_elu,Normbn,False,1,0.97688,5.35,1173016,0.1327575594186782
mnist_rot,equivariant,norm_elu,Normbn,False,2,0.97784,5.92,1173016,0.1233262717723846
mnist_rot,equivariant,norm_elu,Normbn,False,3,0.97628,5.4,1173016,0.128144159913063
mnist_rot,equivariant,norm_elu,Normbn,False,4,0.97682,5.98,1173016,0.1332567930221557
mnist_rot,equivariant,norm_elu,Normbn,True,0,0.98218,5.37,1173016,0.1340254843235016
mnist_rot,equivariant,norm_elu,Normbn,True,1,0.9826,5.97,1173016,0.1206844672560691
mnist_rot,equivariant,norm_elu,Normbn,True,2,0.98322,5.38,1173016,0.1203993558883667
mnist_rot,equivariant,norm_elu,Normbn,True,3,0.98352,5.87,1173016,0.128198504447937
mnist_rot,equivariant,norm_elu,Normbn,True,4,0.98246,5.38,1173016,0.1210170611739158
mnist_rot,equivariant,norm_relu,Normbn,False,0,0.98732,5.75,1173991,0.1693681478500366
mnist_rot,equivariant,norm_relu,Normbn,False,1,0.98686,5.52,1173991,0.1737624406814575
mnist_rot,equivariant,norm_relu,Normbn,False,2,0.98654,6.03,1173991,0.1637041270732879
mnist_rot,equivariant,norm_relu,Normbn,False,3,0.98654,5.53,1173991,0.1609554588794708
mnist_rot,equivariant,norm_relu,Normbn,False,4,0.98762,5.88,1173991,0.1723208427429199
mnist_rot,equivariant,norm_relu,Normbn,True,0,0.9875,5.57,1173991,0.1822725385427475
mnist_rot,equivariant,norm_relu,Normbn,True,1,0.98748,5.75,1173991,0.1774202436208725
mnist_rot,equivariant,norm_relu,Normbn,True,2,0.9865,5.6,1173991,0.1755940318107605
mnist_rot,equivariant,norm_relu,Normbn,True,3,0.98814,5.73,1173991,0.1715815812349319
mnist_rot,equivariant,norm_relu,Normbn,True,4,0.98818,5.52,1173991,0.1750509738922119
mnist_rot,equivariant,norm_sigmoid,Normbn,False,0,0.97814,6.0,1173016,0.0866450071334838
mnist_rot,equivariant,norm_sigmoid,Normbn,False,1,0.97882,5.35,1173016,0.10798891633749
mnist_rot,equivariant,norm_sigmoid,Normbn,False,2,0.98106,6.05,1173016,0.0860307216644287
mnist_rot,equivariant,norm_sigmoid,Normbn,False,3,0.97932,5.33,1173016,0.0978225469589233
mnist_rot,equivariant,norm_sigmoid,Normbn,False,4,0.98002,5.98,1173016,0.1034551784396171
mnist_rot,equivariant,norm_sigmoid,Normbn,True,0,0.98214,5.4,1173016,0.0773890390992164
mnist_rot,equivariant,norm_sigmoid,Normbn,True,1,0.98306,5.58,1173016,0.1044368892908096
mnist_rot,equivariant,norm_sigmoid,Normbn,True,2,0.9841,5.33,1173016,0.0983830392360687
mnist_rot,equivariant,norm_sigmoid,Normbn,True,3,0.98288,5.98,1173016,0.0905745774507522
mnist_rot,equivariant,norm_sigmoid,Normbn,True,4,0.9835,5.38,1173016,0.0840094611048698
mnist_rot,equivariant,normbn_elu,Normbn,False,0,0.9729,5.38,1173991,0.2066368758678436
mnist_rot,equivariant,normbn_elu,Normbn,False,1,0.9706,5.08,1173991,0.2028619796037674
mnist_rot,equivariant,normbn_elu,Normbn,False,2,0.97222,5.33,1173991,0.2011324763298034
mnist_rot,equivariant,normbn_elu,Normbn,False,3,0.97054,5.32,1173991,0.2120299935340881
mnist_rot,equivariant,normbn_elu,Normbn,False,4,0.97262,5.4,1173991,0.2057532668113708
mnist_rot,equivariant,normbn_elu,Normbn,True,0,0.9682,5.43,1173991,0.2043909430503845
mnist_rot,equivariant,normbn_elu,Normbn,True,1,0.96972,5.13,1173991,0.2037696093320846
mnist_rot,equivariant,normbn_elu,Normbn,True,2,0.96992,5.48,1173991,0.1942935585975647
mnist_rot,equivariant,normbn_elu,Normbn,True,3,0.96872,5.12,1173991,0.2063298374414444
mnist_rot,equivariant,normbn_elu,Normbn,True,4,0.96776,5.08,1173991,0.2049212008714676
mnist_rot,equivariant,normbn_relu,Normbn,False,0,0.97878,5.0,1173991,0.1873383969068527
mnist_rot,equivariant,normbn_relu,Normbn,False,1,0.97702,5.18,1173991,0.1849958747625351
mnist_rot,equivariant,normbn_relu,Normbn,False,2,0.97702,4.95,1173991,0.1915856003761291
mnist_rot,equivariant,normbn_relu,Normbn,False,3,0.97862,5.23,1173991,0.1843086034059524
mnist_rot,equivariant,normbn_relu,Normbn,False,4,0.97786,5.0,1173991,0.1910296231508255
mnist_rot,equivariant,normbn_relu,Normbn,True,0,0.98214,5.28,1173991,0.1524949073791504
mnist_rot,equivariant,normbn_relu,Normbn,True,1,0.98148,5.02,1173991,0.1569114029407501
mnist_rot,equivariant,normbn_relu,Normbn,True,2,0.98156,5.22,1173991,0.1522734761238098
mnist_rot,equivariant,normbn_relu,Normbn,True,3,0.98066,5.0,1173991,0.1560439467430114
mnist_rot,equivariant,normbn_relu,Normbn,True,4,0.98214,5.43,1173991,0.1551717817783355
mnist_rot,equivariant,normbn_sigmoid,Normbn,False,0,0.97028,5.33,1173991,0.0481972582638263
mnist_rot,equivariant,normbn_sigmoid,Normbn,False,1,0.97256,5.08,1173991,0.0478936731815338
mnist_rot,equivariant,normbn_sigmoid,Normbn,False,2,0.96906,5.62,1173991,0.0469322800636291
mnist_rot,equivariant,normbn_sigmoid,Normbn,False,3,0.97034,5.02,1173991,0.0569404959678649
mnist_rot,equivariant,normbn_sigmoid,Normbn,False,4,0.9733,5.35,1173991,0.0486315041780471
mnist_rot,equivariant,normbn_sigmoid,Normbn,True,0,0.9778,5.1,1173991,0.0509247854351997
mnist_rot,equivariant,normbn_sigmoid,Normbn,True,1,0.97766,5.62,1173991,0.0444202832877635
mnist_rot,equivariant,normbn_sigmoid,Normbn,True,2,0.97874,5.07,1173991,0.0423029400408268
mnist_rot,equivariant,normbn_sigmoid,Normbn,True,3,0.97826,5.4,1173991,0.0490971654653549
mnist_rot,equivariant,normbn_sigmoid,Normbn,True,4,0.97854,5.07,1173991,0.0467955470085144
mnist_rot,equivariant,normbnvec_elu,Normbn,False,0,0.98582,4.97,1173991,0.2079426646232605
mnist_rot,equivariant,normbnvec_elu,Normbn,False,1,0.98434,4.77,1173991,0.2038964927196502
mnist_rot,equivariant,normbnvec_elu,Normbn,False,2,0.98482,5.02,1173991,0.1999880969524383
mnist_rot,equivariant,normbnvec_elu,Normbn,False,3,0.98536,4.75,1173991,0.1986714154481887
mnist_rot,equivariant,normbnvec_elu,Normbn,False,4,0.98488,4.98,1173991,0.2045196890830993
mnist_rot,equivariant,normbnvec_elu,Normbn,True,0,0.98708,4.73,1173991,0.2113760858774185
mnist_rot,equivariant,normbnvec_elu,Normbn,True,1,0.98506,4.97,1173991,0.2016583830118179
mnist_rot,equivariant,normbnvec_elu,Normbn,True,2,0.98568,4.75,1173991,0.2019918262958526
mnist_rot,equivariant,normbnvec_elu,Normbn,True,3,0.98558,5.0,1173991,0.1996429711580276
mnist_rot,equivariant,normbnvec_elu,Normbn,True,4,0.98618,4.9,1173991,0.2024471014738083
mnist_rot,equivariant,normbnvec_relu,Normbn,False,0,0.98594,4.92,1173991,0.1972220540046692
mnist_rot,equivariant,normbnvec_relu,Normbn,False,1,0.98634,4.7,1173991,0.1949980854988098
mnist_rot,equivariant,normbnvec_relu,Normbn,False,2,0.98516,5.0,1173991,0.1923702359199524
mnist_rot,equivariant,normbnvec_relu,Normbn,False,3,0.98604,4.67,1173991,0.1947659701108932
mnist_rot,equivariant,normbnvec_relu,Normbn,False,4,0.98514,4.85,1173991,0.1907615959644317
mnist_rot,equivariant,normbnvec_relu,Normbn,True,0,0.98838,4.67,1173991,0.2053641378879547
mnist_rot,equivariant,normbnvec_relu,Normbn,True,1,0.98762,4.98,1173991,0.201475128531456
mnist_rot,equivariant,normbnvec_relu,Normbn,True,2,0.98778,4.7,1173991,0.187201976776123
mnist_rot,equivariant,normbnvec_relu,Normbn,True,3,0.98712,4.85,1173991,0.1920272558927536
mnist_rot,equivariant,normbnvec_relu,Normbn,True,4,0.98796,4.68,1173991,0.2005143463611602
mnist_rot,equivariant,normbnvec_sigmoid,Normbn,False,0,0.9796,4.75,1173991,0.0864154696464538
mnist_rot,equivariant,normbnvec_sigmoid,Normbn,False,1,0.97958,4.97,1173991,0.0814588367938995
mnist_rot,equivariant,normbnvec_sigmoid,Normbn,False,2,0.9803,4.77,1173991,0.0811169296503067
mnist_rot,equivariant,normbnvec_sigmoid,Normbn,False,3,0.98034,5.17,1173991,0.0854334235191345
mnist_rot,equivariant,normbnvec_sigmoid,Normbn,False,4,0.9789,4.72,1173991,0.0792863368988037
mnist_rot,equivariant,normbnvec_sigmoid,Normbn,True,0,0.98414,4.75,1173991,0.0723059028387069
mnist_rot,equivariant,normbnvec_sigmoid,Normbn,True,1,0.98382,5.0,1173991,0.0750810801982879
mnist_rot,equivariant,normbnvec_sigmoid,Normbn,True,2,0.98382,4.67,1173991,0.0826165154576301
mnist_rot,equivariant,normbnvec_sigmoid,Normbn,True,3,0.98422,4.62,1173991,0.0758448541164398
mnist_rot,equivariant,normbnvec_sigmoid,Normbn,True,4,0.98432,5.0,1173991,0.10053201764822
mnist_rot,resnet18,norm_relu,Normbn,False,0,0.94144,2.48,11175370,0.1858451068401336
mnist_rot,resnet18,norm_relu,Normbn,False,1,0.94434,2.57,11175370,0.189634695649147
mnist_rot,resnet18,norm_relu,Normbn,False,2,0.9411,2.42,11175370,0.1762802600860595
mnist_rot,resnet18,norm_relu,Normbn,False,3,0.94084,2.45,11175370,0.181839033961296
mnist_rot,resnet18,norm_relu,Normbn,False,4,0.9436,2.57,11175370,0.1760618239641189
mnist_rot,resnet18,norm_relu,Normbn,True,0,0.98622,2.47,11175370,0.1914927363395691
mnist_rot,resnet18,norm_relu,Normbn,True,1,0.98658,2.47,11175370,0.1900372505187988
mnist_rot,resnet18,norm_relu,Normbn,True,2,0.98456,2.55,11175370,0.2148578464984893
mnist_rot,resnet18,norm_relu,Normbn,True,3,0.98406,2.45,11175370,0.222567081451416
mnist_rot,resnet18,norm_relu,Normbn,True,4,0.9865,2.5,11175370,0.1840431690216064
